[
  {
    "signatures": [
      {
        "signature": "sha256:dcde6033b205433d6e9855c93740f798951fa3a3f252035a768d9f356fde806d",
        "filename": "log4j-core-2.0-beta9.jar"
      },
      {
        "signature": "sha256:7aacec8efdc3b35c8cd9df53904f98fe6c8a640f6c4cae2a18225400f1862e92",
        "filename": "tropicraft-6.0.5.jar"
      },
      {
        "signature": "sha256:20aeea82ca2f0452257b30c5b863eb06a0e18672bc2261a52e5f4bd81256d56b",
        "filename": "archimedesshipsplus-1.7.10-1.8.1.jar"
      },
      {
        "signature": "sha256:182cbb67db9de205ebaea9e2c986eca372060ac7acdce593aa5fb14a1af90a44",
        "filename": "WitchingGadgets-1.7.10-1.1.10.jar"
      },
      {
        "signature": "sha256:e94b137f6ba274ed108dec866a69299b7e174bb360b20fae0788780563012f83",
        "filename": "config-1.2.1.jar"
      },
      {
        "signature": "sha256:8b141026e0be476978015a789680f2e550c1bef4518065ff5dbf5ad640ea2164",
        "filename": "MouseTweaks-2.4.4-mc1.7.10.jar"
      },
      {
        "signature": "sha256:546a8c0d88c00f1e66062db73a47de1aa5f54099f18292e488ae8de54b18ad92",
        "filename": "IvToolkit-1.2.1.jar"
      },
      {
        "signature": "sha256:ad19d2601c3abf0b946b5c3a4113e226a8c1e3305e395b90013b78dd94a723ce",
        "filename": "commons-codec-1.9.jar"
      },
      {
        "signature": "sha256:e3a8217ead7b9e00047c00210d22fe795ce74d66f887df5ecec1b75f891eb39d",
        "filename": "OpenGlasses-1.0.46.jar"
      },
      {
        "signature": "sha256:4bf193e3b9a91bceef65e82f6a27ee5c050d29552ef7e1606f222a79571fc44e",
        "filename": "ChickenChunks-1.7.10-1.3.4.19-universal.jar"
      },
      {
        "signature": "sha256:5fca136503f86ecc6cb61fbd17b137d59e56b45c7a5494e6b8fd3cabd4697fbd",
        "filename": "commons-compress-1.8.1.jar"
      },
      {
        "signature": "sha256:32d7e73005a2dc0ccc3c62470c435b351f6501de8e8718e26960534754570a77",
        "filename": "lwjgl_util-2.9.1.jar"
      },
      {
        "signature": "sha256:d303cbea6cfd2ea12bffb0396031fb686cb04abbbf5733ce84786e8c40e790a2",
        "filename": "QuiverMob_1.7.10_b14.zip"
      },
      {
        "signature": "sha256:5e108efd78790b644a631e72362657acf8c16bfda5b0ba23e8553e418d1fd92e",
        "filename": "AppleCore-mc1.7.10-1.3.2.jar"
      },
      {
        "signature": "sha256:2882d64550240dd0c026724da664d9f97ef205c91d6a85273d10790d88608f34",
        "filename": "soundsystem-20120107.jar"
      },
      {
        "signature": "sha256:075cde23a6f51a9b543c6196da1c01af974624ac2224b343af9518904a028f99",
        "filename": "integratedcircuits-1.7.10-0.9r38.228.jar"
      },
      {
        "signature": "sha256:05ae8f11b8f9012ebebbf179227b010829739c6284e30da5dd3db220ee682f8a",
        "filename": "Baubles-1.7.10-1.0.1.10.jar"
      },
      {
        "signature": "sha256:924d98cb9f37b2ebd0fe35590f4bebab18ed1987bdd09dc5ca8ab9244ae2b6b0",
        "filename": "TCBotaniaExoflame-1.7.10-1.4.jar"
      },
      {
        "signature": "sha256:37014340a0400277b1202233f75619d53e84c0cf37d2d3561a993241a45cb412",
        "filename": "Morpheus-1.7.10-1.6.21.jar"
      },
      {
        "signature": "sha256:0ec8cd1ede7f7bbbf73030eba8b06ebcc0583045ff4cc9aec080b1736581da71",
        "filename": "appliedenergistics2-rv3-beta-6.jar"
      },
      {
        "signature": "sha256:41938d1e89670979dd783102777a8b879999f4fb00a5b811b51c105b02a9d4f8",
        "filename": "scala-reflect-2.11.1.jar"
      },
      {
        "signature": "sha256:875a4c1159fc1b2b54327a0f2d86ebff8e959f929240574accfada882b963a45",
        "filename": "vorbisspi-1.0.3-1.jar"
      },
      {
        "signature": "sha256:60a9c0aecad2cf3d202d13bc2c405d15f23ef475ef19cd980e043fb2ca57c83c",
        "filename": "buildcraft-7.1.17.jar"
      },
      {
        "signature": "sha256:f337cb5b4e8bd2ac6bee3a0f49fa9a2d780682587c5ba2e962dd0684f877056d",
        "filename": "ReAuth-3.2.jar"
      },
      {
        "signature": "sha256:e13d3f91d91b1c73a46e47b90562b519e12c77d7275add19bc1cdab5b3a75400",
        "filename": "Tails-1.7.10-1.4.1a.jar"
      },
      {
        "signature": "sha256:c3334ff39cf0ab3b54925619101054c90098b7c733b1e7834c7b75e4c41e84a5",
        "filename": "jutils-1.0.0.jar"
      },
      {
        "signature": "sha256:ba03868bd1b2aaa4130e3769e75a59ead333fbaa744396b3b0edc8345e93bbeb",
        "filename": "ExtendedPotions-MC1.7.10-1.2.jar"
      },
      {
        "signature": "sha256:da75542b4c4e3da8991cfc4dba53c40b33d3632168ec91fb2c2295f4785cf207",
        "filename": "boilerplate-1.7.10-6.3.0.81-universal.jar"
      },
      {
        "signature": "sha256:1f46280d33c1c41b4a73054dd70286b740a1f18c7a4d5e857e4a63b8193d2cd5",
        "filename": "SimplyJetpacks-MC1.7.10-1.5.3.jar"
      },
      {
        "signature": "sha256:a8bba46859fb9410044072c898c16d5775e7d0fa2465e95c5df7d6bd341c62f1",
        "filename": "RefinedRelocation-mc1.7.10-1.1.28.jar"
      },
      {
        "signature": "sha256:634966e3908a1ef712905701ca4301e0f7c4062d132f899eb847ea5b25e61b58",
        "filename": "Guide-API-1.7.10-1.0.1-29.jar"
      },
      {
        "signature": "sha256:6c3338a4062c13dc2ce61630d9854d361a81656a4050e5080302f500dd4a8832",
        "filename": "scala-xml_2.11-1.0.2.jar"
      },
      {
        "signature": "sha256:20d3c6ab0961545853207d263132788dde7198e9b9856a3abcd289c05691d1d5",
        "filename": "Railcraft_1.7.10-9.12.2.0.jar"
      },
      {
        "signature": "sha256:8772f727448b8c68785331ae051cb5d80ac6ade14b36646eed101f621356b1b1",
        "filename": "OpenEye-0.6-1.7.10.jar"
      },
      {
        "signature": "sha256:525c4154e4c355d64ff8bc7faa535030c343d4531beaf9e4b1ded9cd318e955e",
        "filename": "MmmMmmMmmMmm-1.7.10-1.9.jar"
      },
      {
        "signature": "sha256:1b4a64bf18b8d166ba43f2fe3b441dc4b44de5987c64a41fd274ee9050f01ce9",
        "filename": "PassiveTorch-1.7.10-0.1.0.jar"
      },
      {
        "signature": "sha256:60262b06064d38989e842a05a9ef0d8b2198d1a57ad195c7164f9efc3a9a407c",
        "filename": "PneumaticCraft-1.7.10-1.12.7-150-universal.jar"
      },
      {
        "signature": "sha256:9e98c36568af92dbb388dfec2b36b3f0d76cb1dc284a6bbe06e98b89204b96f4",
        "filename": "Ztones-1.7.10-2.2.1.jar"
      },
      {
        "signature": "sha256:cc6a41dc3eaacc9e440a6bd0d2890b20d36b4ee408fe2d67122f328bb6e01581",
        "filename": "commons-io-2.4.jar"
      },
      {
        "signature": "sha256:26d83e7309a8b5bda5d7eede18ac356149aa1d867eab2dded27624d234d87a09",
        "filename": "Flamingo-1.7.10-1.3.jar"
      },
      {
        "signature": "sha256:cde5ea6cac1df49a070eb4c59e36b08b4c06594d81d7f5d8c6242713d7a80649",
        "filename": "FTBLib-1.7.10-1.0.18.3.jar"
      },
      {
        "signature": "sha256:cc72f38535b8a41c39a631da4bc05ca338fb3c9f96700b9194a6a31741bd9bc2",
        "filename": "HatStand-4.0.0.jar"
      },
      {
        "signature": "sha256:a2f6609dae6886d0c040118b188df86c8b03b7a6d81f1f76c9dd655865f61e9b",
        "filename": "GalaxySpace-1.1.0 STABLE.jar"
      },
      {
        "signature": "sha256:a985c0712e195bef958d94fb74e3f5132398caa46a1b727faeda9baad6ab8784",
        "filename": "twilightforest-1.7.10-2.3.7.jar"
      },
      {
        "signature": "sha256:a5510034f1a36ce7eb2c4fc1827742c89c53eb38b282d373612b258d60f80375",
        "filename": "ae2stuff-rv3-0.5.1.9-mc1.7.10.jar"
      },
      {
        "signature": "sha256:57f402b626d16cc2705bf2a37add7adbb074f0ca3b3102fa6e23aa303dae682f",
        "filename": "launchwrapper-1.12.jar"
      },
      {
        "signature": "sha256:f2bc83bccc64e0a8be8ebcb7f14704491a701e42958cc3389c704cf8ff411f33",
        "filename": "ImmersiveEngineering-0.7.7.jar"
      },
      {
        "signature": "sha256:3aa616f5c56d2052fc5e3231f3e8cf1736f876caff0142a66096fc5b4dc87ae5",
        "filename": "scala-compiler-2.11.1.jar"
      },
      {
        "signature": "sha256:09f6eda533c9de3a9b238ef9a5203e6c2dba56bdbb7c16f780eba990eaec0875",
        "filename": "Galacticraft-Planets-1.7-3.0.12.463.jar"
      },
      {
        "signature": "sha256:407e09a3fcda6f56648cb14f454c346cfa97e3e19f9aa46e5e9000fea1f2464e",
        "filename": "moarcarts-1.7.10-1.2.3-8.jar"
      },
      {
        "signature": "sha256:c0dafe3ac28f31265c02b6975b8f31f6981c42902cd8d7eb32b5414012027dbe",
        "filename": "StevesFactoryManagerA93.jar"
      },
      {
        "signature": "sha256:407fecb521aaf2c50dd93b46311c8449f08a90db5f3d204e622a92abb4854201",
        "filename": "GravityGun-4.0.0-beta.jar"
      },
      {
        "signature": "sha256:6b6f8693ad4fb4ce4de8de9a2bc9f8d5433f80b3e3bbdd227a1909c8c31ee938",
        "filename": "BloodMagic-1.7.10-1.3.3-17.jar"
      },
      {
        "signature": "sha256:476b95a762c7562af82916ea5f5146744e5e0efd4a118e6adc2284c9e8dcebd3",
        "filename": "CloudMaster_1.7.10-1.3.jar"
      },
      {
        "signature": "sha256:acd2c1e4cd9ffe2f6e5d6c31c0b60dcee2afe474c80e232e5293ae2cf741c5fe",
        "filename": "craftingtweaks-mc1.7.10-1.0.82.jar"
      },
      {
        "signature": "sha256:a8ced4924d0e285ab287d94889e9920f855b9e13ef42e1c7468377b3c13bdb2b",
        "filename": "realms-1.3.5.jar"
      },
      {
        "signature": "sha256:c0328cd07ca9e363a5acd00c1cf4afe8cf554bd6d373834981ba05cebec687fb",
        "filename": "gson-2.2.4.jar"
      },
      {
        "signature": "sha256:df7544a4791876d0c6bd19930f7cdae71ad72ee22e7c95d6addfaeb58479052f",
        "filename": "ThermalFoundation-[1.7.10]1.2.5-115.jar"
      },
      {
        "signature": "sha256:85e0d8571ffcd155ca5e9d0f4ad8d6a80403a2328f3cd719b92d79cd672c5fd0",
        "filename": "OpenModsLib-1.7.10-0.9.1.jar"
      },
      {
        "signature": "sha256:7f859066530fbc57e41f97df2faba02eafb84479c2cfb5b5b5811a419981d7e6",
        "filename": "plantmegapack-4.33-1.7.10-1492.jar"
      },
      {
        "signature": "sha256:7c89d50fb4b9d8a7c9de628ce9b7119c40819d706fe2426c0960883c56da210b",
        "filename": "Starminer1710-0.9.9.jar"
      },
      {
        "signature": "sha256:b1d847e0b3ef0286dcf40b5793e7a7057af79740d83797f70d45b9906f1af102",
        "filename": "AgriCraft-1.7.10-1.5.0.jar"
      },
      {
        "signature": "sha256:8c36a80ea613d0b6b8040a17cf837c5bbe3677bc1b06a058a6c174fdb787ebbc",
        "filename": "guava-17.0.jar"
      },
      {
        "signature": "sha256:c008acdd58f3b1781f5c23c872be37fd499a3507a19b88df7103c66886796640",
        "filename": "OpenComputers-MC1.7.10-1.6.1.11-universal.jar"
      },
      {
        "signature": "sha256:f18e1175f8230eb284bc699459f9fcbb7eb7112ca807b2511b197349daa95f4c",
        "filename": "StorageDrawers-1.7.10-1.10.1.jar"
      },
      {
        "signature": "sha256:9844cc9b5440d65a88d28bcba9d771374d2dfdab898848cda164611091633013",
        "filename": "httpclient-4.3.3.jar"
      },
      {
        "signature": "sha256:bd81f2ff5c47b6615afe15acc9bf593fe1f28f42c406252c3cc0cfec0aedb1f8",
        "filename": "ItemSearch-1.4.0.jar"
      },
      {
        "signature": "sha256:6ad51ca015242901d2dace8bcf187a2b6ba90e277269b820cd895c53b3c9cd22",
        "filename": "WailaHarvestability-mc1.7.10-1.1.6.jar"
      },
      {
        "signature": "sha256:4c6a567be75b6fe31bd61cfb9c341a40bc7e386db16912265b3ebe86f5337fa4",
        "filename": "akka-actor_2.11-2.3.3.jar"
      },
      {
        "signature": "sha256:c6dedaaae56dc63d224e1f3ac58e540fb61d2b98da4ad7e53fd98c24d728c7fb",
        "filename": "IguanaTinkerTweaks-1.7.10-2.1.6.jar"
      },
      {
        "signature": "sha256:e76d88c2cc3786d8fe8b025c230e8a2557a35d63759972f890555f11325be9e7",
        "filename": "OpenBlocks-1.7.10-1.5.1.jar"
      },
      {
        "signature": "sha256:8106b494af409b2d26ffdba7410dc449b8c5a1e18416caca83b24bb796252bb4",
        "filename": "gilded-games-util-1.7.10-1.10.jar"
      },
      {
        "signature": "sha256:bb1185aa0a21396830f212e3acba63134f6304a334689849a907a9ccadab5ade",
        "filename": "malisiscore-1.7.10-0.14.3.jar"
      },
      {
        "signature": "sha256:6b81d10754dadf184d386011486e6509c2cc0c3d33565ced4fb4402b9413d47d",
        "filename": "commons-lang3-3.3.2.jar"
      },
      {
        "signature": "sha256:c118f8d84313980f79e1e7f7ae4b14b10c2f20c77ea4a1c29f6f0b02bc139077",
        "filename": "lwjgl-2.9.1.jar"
      },
      {
        "signature": "sha256:a0b7f151329dfee032eb937ca5382778bef41068734d27f6e01eac65c79ef5a3",
        "filename": "CustomThings-MC1.7.10-0.0.3-55.jar"
      },
      {
        "signature": "sha256:5d6ccd237d0b15d18e5362166cfa3f0d9681e7b8c0682cb18c5ac76aaa1b1c74",
        "filename": "PlaceableGunpowder-1.1.jar"
      },
      {
        "signature": "sha256:bdebf1569584106c11e8ab137ddaf2ab10c2b3c1c8f1be0020b5c7dbb2ca2135",
        "filename": "forestry_1.7.10-4.2.16.64.jar"
      },
      {
        "signature": "sha256:27cf01972d3bb37cd4ca56683b924821d142f5dc27d3d1bb46fea5fa31a1c774",
        "filename": "thaumicenergistics-1.0.0.5.jar"
      },
      {
        "signature": "sha256:b716a03527ffcb247cb0c0f348261619323f6ca9af2a9a17ef1e1a218a21293f",
        "filename": "mp3spi-1.9.5-1.jar"
      },
      {
        "signature": "sha256:3dba9786966974701578a658d1bb369bf35bdf5f363079f5ac9c4910a39113be",
        "filename": "Thaumcraft-1.7.10-4.2.3.5.jar"
      },
      {
        "signature": "sha256:2abfff2f5f103f1d5203d5e73445e2885d5d32170e8f0af259f5cf92b92273df",
        "filename": "thaumichorizons-1.7.10-1.1.9.jar"
      },
      {
        "signature": "sha256:ad19d2601c3abf0b946b5c3a4113e226a8c1e3305e395b90013b78dd94a723ce",
        "filename": "commons-codec-1.9.jar"
      },
      {
        "signature": "sha256:ddb33fbd3aab03c3e1b132ccff005bbc0ef1051f37d8c46e479d1f8a62bf5ad5",
        "filename": "Binnie Patcher 1.4.jar"
      },
      {
        "signature": "sha256:f4bc72fb618cfcb682c4d8b63cd379daf8f3e75d784778a6b7a511ab786923df",
        "filename": "TravellersGear-1.7.10-1.16.6.jar"
      },
      {
        "signature": "sha256:26e84f517c7ed856df3aa711d2d749ee8757d60ee6f5da1dc0741456b0b9b457",
        "filename": "IronBackpacks-1.7.10-1.2.20.jar"
      },
      {
        "signature": "sha256:088bcb80f71b6e6a2a31d2fe7288c1fd64f19663ce281b924cdfab3fb105f4f3",
        "filename": "scala-library-2.11.1.jar"
      },
      {
        "signature": "sha256:ac1c37833aa8ec38a38f42111a9b2e196336b14c0891a3e76e284a61d1fb3dac",
        "filename": "malisisdoors-1.7.10-1.13.2.jar"
      },
      {
        "signature": "sha256:19495ce701fd9ba3c499c137e3ad5364acee8f87a01ef99e912f995a23fd4cb1",
        "filename": "scala-parser-combinators_2.11-1.0.1.jar"
      },
      {
        "signature": "sha256:85592ebce362268018bbbcdb943625b3841982de14136b70ccd139a9ace71d92",
        "filename": "netherportalfix-mc1.7.10-1.1.0.jar"
      },
      {
        "signature": "sha256:19f46567255ae0e8aad41cce299b78aa28c2ae7d92d72aa2c4824c31c1341fef",
        "filename": "Ewys Workshop-1.1.2.jar"
      },
      {
        "signature": "sha256:333bbefeff5eb1722dc9b8d2e26c38bc69c1efa07d0ca870480f29d8858aa336",
        "filename": "libraryjavasound-20101123.jar"
      },
      {
        "signature": "sha256:650cf7f26368b71f90d7e55e673959c33df718c90330f079ddd19ef5e70bb1af",
        "filename": "BluePower-1.7.10-0.2.962-universal.jar"
      },
      {
        "signature": "sha256:0129a29545514972774a1600a196fbc8c182a14eac32db3ced9099f640d0b5c5",
        "filename": "GekosLasers-1.7.10-0.8.jar"
      },
      {
        "signature": "sha256:284d7f66c0ce3f69705e8a0377c2dd0b2261f1b9fbf309784864c251e266c69c",
        "filename": "InventoryTweaks-1.59j-dev.jar"
      },
      {
        "signature": "sha256:e17c5512483915da988d845ec33f542acf076617377a2e01493bd8656a8a6a22",
        "filename": "PlanetguyLib-1.9.2.jar"
      },
      {
        "signature": "sha256:c3480c2ae45270191c29a479f4f6aa323d311259644a32ac07d0fd9604d27e13",
        "filename": "ChatFlow-1.1.jar"
      },
      {
        "signature": "sha256:6756b33668f0c63fd4a4b05ccbbd70e365f5e753b56cf07cc39d564e6e4fdced",
        "filename": "MineTweaker3-1.7.10-3.0.10B.jar"
      },
      {
        "signature": "sha256:231a8fbffba0980af44471dd8801190375462e2d5a4331a071ba7b823810147d",
        "filename": "INpureCore-[1.7.10]1.0.0B9-62.jar"
      },
      {
        "signature": "sha256:cdd5d71b919c9c433c5b770f0ff2e721903c0bd4bbba773d7d2d64035bb30fab",
        "filename": "bdlib-1.9.4.109-mc1.7.10.jar"
      },
      {
        "signature": "sha256:25302daac1ff5837ecfc347b4cff3dbbc34ebbe774fb79edf0038719e1e4820b",
        "filename": "NoNausea-MC1.7.10-1.0.jar"
      },
      {
        "signature": "sha256:f6fc63b64a8d7f82e99a8a1e4f74b60e1748c2ab63d0a7e1ae2716976e21d04d",
        "filename": "pressure-1.3.0.131-mc1.7.10.jar"
      },
      {
        "signature": "sha256:59788ba4dc3dcaef029a41b4edff9c65a1161841121a61a7c4e5f8d36ac9c5e5",
        "filename": "ExtraTiC-1.7.10-1.4.6.jar"
      },
      {
        "signature": "sha256:8dc73bb4d4b368c43c8c21ed298324ed3739f0024d9373d11da5c274d38984d5",
        "filename": "scala-continuations-plugin_2.11.1-1.0.2.jar"
      },
      {
        "signature": "sha256:d66784c42bd94867fbc990e212d5c334ae2439d6b7e9a856196b348b6591cee2",
        "filename": "Hats-4.0.1.jar"
      },
      {
        "signature": "sha256:8b09de054b0f3ae88f395baacc31a9b28771c69e1aef780bebe605e5021afaf4",
        "filename": "EnderCore-1.7.10-0.2.0.36_beta.jar"
      },
      {
        "signature": "sha256:79b5a4f5829e1a49a415711f7fb8eb5b9ad22defa72929fda2da96ec30d3f018",
        "filename": "jinput-2.0.5.jar"
      },
      {
        "signature": "sha256:1ded490bcf22d8da55e21f81131359ed06a66d211f8e641daaf2e43c05de193d",
        "filename": "Decocraft-2.3.3_1.7.10.jar"
      },
      {
        "signature": "sha256:44423d7c43bde9274e1dbc1b00d6bd14ec7cb2572326eeefa9c6dd6fab47930b",
        "filename": "Waila-1.5.10_1.7.10.jar"
      },
      {
        "signature": "sha256:3163917a6def61152074063d6a87c195b7ef6e357966b0e0bf768c8cfb605cc0",
        "filename": "QmunityLib-1.7.10-0.1.114-universal.jar"
      },
      {
        "signature": "sha256:cdd5ac5cc5112b71a022ba3cc3b278323dd0f3bdafa2921b37720e9723b0e7dd",
        "filename": "journeymap-1.7.10-5.1.4p1-unlimited.jar"
      },
      {
        "signature": "sha256:5fca136503f86ecc6cb61fbd17b137d59e56b45c7a5494e6b8fd3cabd4697fbd",
        "filename": "commons-compress-1.8.1.jar"
      },
      {
        "signature": "sha256:28aea728f1ac7c4f0165c3cdf11d367c140764841181c867c15bd35bc823bcc5",
        "filename": "gadomancy-1.7.10-1.0.7.3.jar"
      },
      {
        "signature": "sha256:63d003fac7b4ff3ed777add18e00dd9e77eca596988d1aca9a0adc31a017e4ec",
        "filename": "MekanismGenerators-1.7.10-9.1.0.281.jar"
      },
      {
        "signature": "sha256:755f2f5b1a0e4ecbf92a5906f309e09bce5cdf86dcbbf76e13d36411b90a7f97",
        "filename": "defaultkeys-mc1.7.10-1.0.28.jar"
      },
      {
        "signature": "sha256:8a1f65fc07f7ab24ccbca1961cad6ae1087a5f3a6cb0ce8790078557648f67bf",
        "filename": "BigDoors-1.7.10-1.1.0.jar"
      },
      {
        "signature": "sha256:a872dc7bb155d809329e15912b27aced47a5a56b999476269f54489472edec08",
        "filename": "mcjtylib-1.8.1.jar"
      },
      {
        "signature": "sha256:8be6d63ac23ff19bb6e19f07e5e51984daf27eabcc36d0908ce647695198da4c",
        "filename": "Waterproof 1.0-1.jar"
      },
      {
        "signature": "sha256:894d5dd42c4ebfa5a4a2e2f0d46f915c924b17d1779558a273bbbd31b20a13ce",
        "filename": "MekanismTools-1.7.10-9.1.0.281.jar"
      },
      {
        "signature": "sha256:dc6569c4a2c347aa5c5eaa806772f1c76228d351480b801aa777c0de114bf818",
        "filename": "LibSandstone-1.0.0.jar"
      },
      {
        "signature": "sha256:71f197bf934f2f92f832b4db68cc818232bbe0c6be6fdc10d5a9baac78d540fa",
        "filename": "Aquaculture-1.7.10-1.2.6.21.jar"
      },
      {
        "signature": "sha256:342c07a3909b9225be91768d462258a3af56befd72aff5afe11b540d71c51599",
        "filename": "Back In Slime-1.7.10-3.1.6.jar"
      },
      {
        "signature": "sha256:9ccdeddc2603c520097974893ae475bfff1578ff41b46d292ca3c08da102c03c",
        "filename": "1.7.10-Pistronics2-v0.6.4.jar"
      },
      {
        "signature": "sha256:8d9dac6b95915285b2a1a7e433d1a28a1933266e89d99248eb363d30c49e4c0b",
        "filename": "HelpFixer-1.0.7.jar"
      },
      {
        "signature": "sha256:690b3a21543963ed88c3ea3efe8d460c9717d9d9800298a7646b2210bdf79f1f",
        "filename": "coroutil-1.7.10-1.1.5.jar"
      },
      {
        "signature": "sha256:958728cc1d2cc0036727b67ee937dca538a49daa6d355157b027bb1dcf8c20f8",
        "filename": "MoreChisels-1.7.10-1.0-28.jar"
      },
      {
        "signature": "sha256:12d29a5cedc5477f0be7300fed3a36fee5ce03970f6da473f59d871d4b949593",
        "filename": "ThermalSmeltery-1.3.1.4.jar"
      },
      {
        "signature": "sha256:b7d9ef98662032857f996d5f009f5f04a490e3578eb9616790d8ed59306b21db",
        "filename": "zettaindustries-1.1-OC1.5.jar"
      },
      {
        "signature": "sha256:aed9f360f118ed6b73df52798c934acd24a34354cb9fefdfd297efcd9c59a7f3",
        "filename": "Translocator-1.7.10-1.1.2.16-universal.jar"
      },
      {
        "signature": "sha256:504c78014285c0b706f97d5ea7e2728a0f98cbad8bf006a13ca48f1da277b028",
        "filename": "OpenModularTurrets-1.7.10-2.2.9-232.jar"
      },
      {
        "signature": "sha256:475afb1b364f5202b8a505c1f81282984bb3402d57c5b84150d7ee12c94b8ffb",
        "filename": "NotEnoughKeys-1.7.10-3.0.0b45-dev-universal.jar"
      },
      {
        "signature": "sha256:bccaa227b0832ce2874fc89620f7d1241acbf18ad0fd44e4c3050160d630522d",
        "filename": "latticemod-mc1.7.10-1.0.jar"
      },
      {
        "signature": "sha256:907e3a46c9dbe4e45fe090355b0a42f6c0a4f8078e85b0a57ef4a906e7f9b934",
        "filename": "HungerOverhaul-1.7.10-1.0.0.jar"
      },
      {
        "signature": "sha256:73db487ced8ef21265370e593f341b87c40efdefc5b8a599a80e1dd8a00130aa",
        "filename": "FancyGrass-MC1.7.10-1.0.0.jar"
      },
      {
        "signature": "sha256:6ff759efc10f9ea0deabb4aed7c1f61408d9bb9bce278949544c0a613f7ae4c8",
        "filename": "ForgeMultipart-1.7.10-1.2.0.345-universal.jar"
      },
      {
        "signature": "sha256:c248122e9af4ec1e5ef30b0dead05288dced3d3d0f9e3d7ae199bd2058f73def",
        "filename": "ObsidiPlates-1.7.10-universal-3.0.0.18.jar"
      },
      {
        "signature": "sha256:0ace9823b7ea35adbcce57b5d674dff238650f77639eaaaee67851eee775730b",
        "filename": "buildcraft-compat-7.1.5.jar"
      },
      {
        "signature": "sha256:0c3085cb93c3ef95d731c274b6f2dd195aa0405fe9328d69cab7f5e899d5e124",
        "filename": "lzma-0.0.1.jar"
      },
      {
        "signature": "sha256:8364675efeeb707fba91429051d362deff7da754b6774ad0a39bc66819d1a2b5",
        "filename": "EnhancedPortals_1.7.10-universal-3.0.12.jar"
      },
      {
        "signature": "sha256:056aef1c2971c783d7553b1b33ba411467dd2a263476b76c1325038e7ed5d079",
        "filename": "Botania r1.8-249.jar"
      },
      {
        "signature": "sha256:fecf3da51213d75ba7089c400744840d2fba0ac1c0ac51c04fec7aa31e32e764",
        "filename": "gendustry-1.6.4.135-mc1.7.10.jar"
      },
      {
        "signature": "sha256:014214467ff66142ecbf47b941b3c2bf3d14f13ae85c52116abe680929c4005a",
        "filename": "trashslot-mc1.7.10-1.0.31.jar"
      },
      {
        "signature": "sha256:4c1d78e0adee1754675d93ffbadc8c9fe205710cb77538b953e57810f9528efc",
        "filename": "Automagy-1.7.10-0.28.2.jar"
      },
      {
        "signature": "sha256:96eaa32232b5a5b0f9afc121a0e1b2416e3dca50657b31e5431c0a04ae650552",
        "filename": "netty-all-4.0.10.Final.jar"
      },
      {
        "signature": "sha256:9257961c710d44ba4deed68e66854a2d564421ad6228af2c683ddb1d5d185085",
        "filename": "tcnodetracker-1.7.10-1.1.2.jar"
      },
      {
        "signature": "sha256:4e730c46f10fa35a681f77a2db56bcf107193fef561546b61cadca06f83cd1f2",
        "filename": "EnderIOAddons-1.7.10-2.3.0.427_beta-0.10.11.54_beta.jar"
      },
      {
        "signature": "sha256:bc4e2143ec4b0cdb7da624c2e13688a5fd40e2cd99e0628dbf1799d9cd0d7921",
        "filename": "CoFHCore-[1.7.10]3.1.3-327.jar"
      },
      {
        "signature": "sha256:b2a240063632cb998a277a29b2a5406387371b4f05f5879191189abaf3ba7460",
        "filename": "YeGamolChattels-1.1.2.jar"
      },
      {
        "signature": "sha256:a91a1848197b29b6e6547ca7200bdd47a9ae1bf96ef06446844d21fdfe172851",
        "filename": "TMechworks-1.7.10-0.2.15.106.jar"
      },
      {
        "signature": "sha256:b6ca939d86fd24c28e3552a748939ee18763838b0a02d68f60e281ece2232be0",
        "filename": "immersiveintegration-0.6.8.jar"
      },
      {
        "signature": "sha256:3d1527c54e84dc8ae2f7d1109e646420e82bd3b09a811641f1f9a810c46c5f93",
        "filename": "CodeChickenCore-1.7.10-1.0.7.47-universal.jar"
      },
      {
        "signature": "sha256:6cc11b93914c7ec84036cd5922cf1cbad9a6da663fdfe82a809b2ec737707729",
        "filename": "MrCrayfishFurnitureModv3.4.7(1.7.10).jar"
      },
      {
        "signature": "sha256:a46d9a24cd195767cbaf3752ecebc9ecf5484c526dcc5b23d06431fdfcd1a259",
        "filename": "PlayerAPI-1.7.10-1.4.jar"
      },
      {
        "signature": "sha256:e63ae96349c39c0ed4cbd8f8b9ba3a70109daabe0d968ce936027b1d9075631b",
        "filename": "Armourers-Workshop-1.7.10-0.42.5.jar"
      },
      {
        "signature": "sha256:75caf28ecce6ef0bcf4f4880f2af44c27ac8b7f04921ce11ce8fc2e781905835",
        "filename": "rftools-4.23.jar"
      },
      {
        "signature": "sha256:e4d6f749154faf8ef5bd78a09c365c28ad746ba11bbb80da6eafacab0573beb9",
        "filename": "spatialiocompat-build-9.jar"
      },
      {
        "signature": "sha256:5eecbb63c03f454a604da0d0d5f3090054a4d2c160746cb40bc6ba7e0cf3cb60",
        "filename": "IGW-Mod-1.7.10-1.1.12-34-universal.jar"
      },
      {
        "signature": "sha256:072107a03be37d61c0cfaf9640f1a4cad246f9e7a81277c1440769eac4729b79",
        "filename": "ZyinsHUD-(1.7.10)-v.1.3.9.jar"
      },
      {
        "signature": "sha256:e00abf1f9eb506ea94ecb892062760a10f71e8de8cc9144f936cc5f67de5f160",
        "filename": "AsieLib-1.7.10-0.4.5.jar"
      },
      {
        "signature": "sha256:e54f72584a15112f197a90c67c2a68719a1d47806104d7a015fed6c308d63ff9",
        "filename": "QuiverBow_1.7.10_b101d.zip"
      },
      {
        "signature": "sha256:8f7ddf60d19903c99b6e72f7ae52fad7484999e72affc6ff0559b0502ec7dfad",
        "filename": "tcinventoryscan-mc1.7.10-1.0.11.jar"
      },
      {
        "signature": "sha256:d39e6c8fc27709b04d58ec4c1b625648776dbf01cdf7af2d51388ee215d5d4e8",
        "filename": "thaumcraftneiplugin-1.7.10-1.7a.jar"
      },
      {
        "signature": "sha256:6dc1316600b112143d19a4e3f59ec42f93826c46a3d3a73b984ac5bb2fa7f5ad",
        "filename": "generators-0.9.20.123-mc1.7.10.jar"
      },
      {
        "signature": "sha256:a1cfba20d02ea5ba5f5a646a85caca9e23aca777f4ed47707657bc0f83a45831",
        "filename": "GardenStuff-1.7.10-1.7.0.jar"
      },
      {
        "signature": "sha256:830e69776e015e8042711d1e3e3f7740bfa923850ae63b8a547aadd2efea22ea",
        "filename": "Sanguimancy-1.7.10-1.1.9-35.jar"
      },
      {
        "signature": "sha256:d199b1a70a6b4bb67b1e289df40cb8a446191638d70eee8b379d42eb9e016f34",
        "filename": "NotEnoughResources-1.7.10-0.1.0-122.jar"
      },
      {
        "signature": "sha256:48735b82e240bcadea62baa3a5ab601d091045579e1ecd1945866393394f4ce1",
        "filename": "ExtraCells-1.7.10-2.3.14b197.jar"
      },
      {
        "signature": "sha256:26a3cedb0567fc14835bc1fc4a151b0f11c76c1783a39b96168d5a6ea180fea5",
        "filename": "FoxLib-1.7.10-0.7.0.jar"
      },
      {
        "signature": "sha256:a1941ee4d4b965c4d2ddc6ec0e0b1eb3f3ff8c8b492a18a25b5fcf27c67ba58b",
        "filename": "extrautilities-1.2.12.jar"
      },
      {
        "signature": "sha256:0bfb06543a3e3c1c4f9337d318f49ddb8989345a6312f7db47bcdfab3af61581",
        "filename": "tinker_io-1.7.10-release 1.5.0.jar"
      },
      {
        "signature": "sha256:d6b239a05a630cfb3b6de01fe14a8674ec14ef8fb34ea75d1ad45b79565d8636",
        "filename": "Forbidden Magic-1.7.10-0.575.jar"
      },
      {
        "signature": "sha256:21dc2a1752540f8d09a6f332020c60c5a8e3b6170fed16e083b7340ec8ec367f",
        "filename": "roguelike-1.7.10-1.5.0b.jar"
      },
      {
        "signature": "sha256:4a7c757d4d87dd37382bd777ad611b5875748aef148277cf25bb39eebb496d07",
        "filename": "scala-swing_2.11-1.0.1.jar"
      },
      {
        "signature": "sha256:9578f06c26afc4ba57b2c4a03db8ccc285735defd4d882770d2a0c6d6847e7a2",
        "filename": "Ping-1.7.X-1.0.3.B7-universal.jar"
      },
      {
        "signature": "sha256:fcee488f5b2e72f4ace6ce7a5413b0426b090ce9445ec7f009a0744fcfafe026",
        "filename": "Roadblocks-1.7.10-2.1.8.jar"
      },
      {
        "signature": "sha256:3ab52c94b2b55711075c27eca2a6fcb834fb908a49d3bf4f3c37aafc4cc721b6",
        "filename": "ibench-1.7.10-1.0.12.jar"
      },
      {
        "signature": "sha256:688091f5c106603558d40f477cef58321596838e0ca8dc9bbc44951271ef780f",
        "filename": "ModTweaker2-0.9.5.jar"
      },
      {
        "signature": "sha256:3120fd24c09ab9bc088cb9c1eb2065be86718608450fdbc27b5d371729a619cb",
        "filename": "netty-1.6.jar"
      },
      {
        "signature": "sha256:1a448662296b1e005009cea21dc7bfb19da9209a9dd9764255e513b718d48b21",
        "filename": "catwalks-2.0.4.jar"
      },
      {
        "signature": "sha256:1afa0981f531071bd413086f6a351a4330ec5e0c59519b24af3d132bd522fb95",
        "filename": "KoreSample-1.7.10-1.3.2.jar"
      },
      {
        "signature": "sha256:e60f53fb0542900dc92df278840867d659ff5a2060cda62cc64f247c22ae4b58",
        "filename": "eirairc-mc1.7.10-2.9.402.jar"
      },
      {
        "signature": "sha256:cc485ddcaf9faa91974744fd9d3147412dd85586864be23eabe16d8cc42b21df",
        "filename": "fognerf-1.7.10-0.4.jar"
      },
      {
        "signature": "sha256:3ebbc2f82b61812aa158375005a47da4d450bec870860fcbf015a64de74cde1c",
        "filename": "NotEnoughItems-1.7.10-1.0.5.120-universal.jar"
      },
      {
        "signature": "sha256:fb9feac3443f10f14599fe0110a3c57a07c1cde11168c6a29287f89174d114b8",
        "filename": "RWG-alpha-1.3.2.jar"
      },
      {
        "signature": "sha256:6bf9159226ee1fd21741c72ede559bcc26045bf538d66cba398807fcb2187bbf",
        "filename": "CustomMainMenu-MC1.7.10-1.9.2.jar"
      },
      {
        "signature": "sha256:9815c2aff1b86c92e212a1b8d84ab1e9a557230b5ea58d41f3d1c6e4e440768c",
        "filename": "StevesAddons-1.7.10-0.10.16.jar"
      },
      {
        "signature": "sha256:f921abc9c792f594f7fc6fc06b4a7ea330b646ea5ed3785e3589f90b16b2aad1",
        "filename": "twitch-5.16.jar"
      },
      {
        "signature": "sha256:35e9c42e04828b36eb8a4c279c923cde487fb3fb18794991b19c559a18509356",
        "filename": "WAILAPlugins-MC1.7.10-0.2.0-23.jar"
      },
      {
        "signature": "sha256:00d1ca02192c7efb87da95552ebf247021f1e1d642f86d0a03076314def11529",
        "filename": "forge-1.7.10-10.13.4.1614-1.7.10-universal.jar"
      },
      {
        "signature": "sha256:794e33c0af98ecd78bf4c2567c8eb4cbe5c6d1db13ce8b1702df83288cabe606",
        "filename": "binnie-mods-2.0-pre14.jar"
      },
      {
        "signature": "sha256:35d76d3d355b432bbd8e8f66d9c5cc780b98910a402e6c1645088470e9fa3774",
        "filename": "TConstruct-1.7.10-1.8.8.build991.jar"
      },
      {
        "signature": "sha256:27168f2fb2a0e6e6cc002d29590cbe2a565649ddb6d6f742c61b25bd32096d83",
        "filename": "ThermalExpansion-[1.7.10]4.1.4-247.jar"
      },
      {
        "signature": "sha256:ec6756a0b1eaaf3b2437d2b1ee701a7180f44288f79b19929b58747ff685fd99",
        "filename": "Reliquary-1.2.248.jar"
      },
      {
        "signature": "sha256:4a0d192a34e7ef3e7af039f64dc6426bd0a5a343aae4dd1107b2043a616a77f7",
        "filename": "CodeChickenLib-1.7.10-1.1.3.138-universal.jar"
      },
      {
        "signature": "sha256:de2464b67967b2315cc41b323942d4dd36f4ee65a4808fc8373f1e67a351fcd7",
        "filename": "magicbees-1.7.10-2.4.3.jar"
      },
      {
        "signature": "sha256:9446e5a89235ff77801f57c3259c8486017567f57d7f53177816f68d6100dcb7",
        "filename": "BiblioCraft[v1.11.5][MC1.7.10].jar"
      },
      {
        "signature": "sha256:ae97ab8d1b91e0fb0a66fbef53db03ba0051bdbae2d441227820c45f601ffdb8",
        "filename": "ThaumicInfusion-4.32.jar"
      },
      {
        "signature": "sha256:370da0941a3846ba52025247d3e97cfc9c0b639b8ee12f23ee85347efe64dc54",
        "filename": "IDCleaner-1.7.10-1.0.jar"
      },
      {
        "signature": "sha256:ce7a9c86ebebf30b89929026f4a0a3c58ce0f4d47937d6dc086ae4fd0c77544a",
        "filename": "authlib-1.5.21.jar"
      },
      {
        "signature": "sha256:62d7c59e992f91ca3c6f26844e3dfa6b853db57d92f3b80cce0fb565ec07d1d2",
        "filename": "NEIIntegration-MC1.7.10-1.1.2.jar"
      },
      {
        "signature": "sha256:68c331f624cea6c0827a31e96a6dce2e75461227c42da70f11ba765a8c6a8cec",
        "filename": "witchery-1.7.10-0.24.1.jar"
      },
      {
        "signature": "sha256:3c8616203d61a12a7e3487e8b34f3c198c2b5ba9e90da0c7ea32d99cd4958012",
        "filename": "trove4j-3.0.3.jar"
      },
      {
        "signature": "sha256:89e6d879f0a8a39f3c37b5222472af4940bad414a473a600a6ffbd378b103262",
        "filename": "Et Futurum-1.5.5.jar"
      },
      {
        "signature": "sha256:dd57e46883585d78e8733b0ea658a2dacbd1cb3f97e004f4d4d789f24d3c82fc",
        "filename": "RemainInMotion-2.8.9.jar"
      },
      {
        "signature": "sha256:3925e6bf0323ea13e8fe192b6686fc7a4c136759f8a6f1dcb2a5f22fc880ca5c",
        "filename": "Fancy Fluid Storage-1.7.10-1.3.7.jar"
      },
      {
        "signature": "sha256:b70f9b3f6042c70233de67747bd0553152f1cd9c9019538b778ae8f29a02a491",
        "filename": "GregsLighting-1.11.2-mc1.7.10.jar"
      },
      {
        "signature": "sha256:3492b99e109304c44ba193b92cf104e8d76681b458e02cdaec1249ab96228bd0",
        "filename": "Computronics-1.7.10-1.6.0.jar"
      },
      {
        "signature": "sha256:c40ee13bb8507cd15fe643f88a8cee6510fdc4f12e5bbe040d9ca48ea4a9967f",
        "filename": "neiaddons-1.12.15.41-mc1.7.10.jar"
      },
      {
        "signature": "sha256:a9473818bc22473092979632df6e3793c89139a872f049f22f89143b1838c76c",
        "filename": "OpenFM-1.7.10-0.1.0-43.jar"
      },
      {
        "signature": "sha256:6c4b4e50e608763564afa1bde2d25ece9dd715e7c9129540faa1faded4896506",
        "filename": "codecjorbis-20101023.jar"
      },
      {
        "signature": "sha256:eb0ca9bdd938f80711152a758d6bc331a8b0d769199d457294dc67ed03f73498",
        "filename": "log4j-api-2.0-beta9.jar"
      },
      {
        "signature": "sha256:9784de3286db91b654c1f718dad8bf8b3e5f7940cd661aa3af688b6a98e5c5fe",
        "filename": "FTBUtilities-1.7.10-1.0.18.3.jar"
      },
      {
        "signature": "sha256:a300fcf2c43ab26eb1eb380a13efdcc6c1c46f0a502da219a4b58337df52ef7b",
        "filename": "ironchest-1.7.10-6.0.62.742-universal.jar"
      },
      {
        "signature": "sha256:5f1b1cacdff557f9185573b436a88ec19f2126fe667f9e1c3b83124dd90d2ff7",
        "filename": "worldedit-forge-mc1.7.10-6.0-beta-01.jar"
      },
      {
        "signature": "sha256:456efda1ebea9302022a5fb661767847dac05a8e36d8277decc739530e9b7435",
        "filename": "PortalGun-4.0.0-beta-6.jar"
      },
      {
        "signature": "sha256:ba131a1fe64e385774df589661c0d165d77a9b4e1ad1bcccff8b0e725cc51ddb",
        "filename": "Mekanism-1.7.10-9.1.0.281.jar"
      },
      {
        "signature": "sha256:107d11509f6af59b8c2ba23df828bc5d3c4e067b58f3d858c7deb90ca5308f84",
        "filename": "librarylwjglopenal-20100824.jar"
      },
      {
        "signature": "sha256:a59a4003f162c10058206f0fd5ec05e4d1030e8fbda230f6f0b42db703c16371",
        "filename": "StevesCarts2.0.0.b18.jar"
      },
      {
        "signature": "sha256:bb7d17b340afe6abdfbfdaa03683bce4aef39a64887dbab0636eaff3cf2d59ba",
        "filename": "codecwav-20101023.jar"
      },
      {
        "signature": "sha256:0f5ceec918105a09e55f14e414c3a67217ae27e3925ef94b6318dcd7dc1edd07",
        "filename": "logisticspipes-0.9.3.128.jar"
      },
      {
        "signature": "sha256:3c0c928be271565d79154f3b18cc0d6ed3d3a923107e84078018bb63a6c0387a",
        "filename": "ResourceLoader-MC1.7.10-1.3.jar"
      },
      {
        "signature": "sha256:11bcf3a622e520cbacc8ea4b05724ffc26327cdd6a72d27c9504340af70ba796",
        "filename": "MineFactoryReloaded-[1.7.10]2.8.2B1-200.jar"
      },
      {
        "signature": "sha256:c60aa318787341b4bcebc8c4f97c340bed0285955f1183fc1749fd70235f771b",
        "filename": "RandomThings-2.2.4.jar"
      },
      {
        "signature": "sha256:a71c6396aa3152773c1db3444eb0667e22c440ee76552306a617cacd11277840",
        "filename": "fastcraft-1.23.jar"
      },
      {
        "signature": "sha256:1382dbf5ab163d90fa916aa172f8e745a820af51f9d4dc0be152d9565d110dc6",
        "filename": "RFDrills-1.7.10-1.7.3.jar"
      },
      {
        "signature": "sha256:b89d0beb76df20c7b2c2bee59ba53b802cc48566bc3e89ac96ce6361c5c2ee38",
        "filename": "scala-actors-migration_2.11-1.1.0.jar"
      },
      {
        "signature": "sha256:b1dca751d54932c5ff4dea203a13114107a21c137eb9ea7c18a15b61c3b8b056",
        "filename": "compactmachines-1.7.10-1.21.jar"
      },
      {
        "signature": "sha256:ac3d42a5fa4af8abab3482678e93c6f4a36a371e12baa9c4aad4e983b0257698",
        "filename": "Carpenters Blocks v3.3.8.1 - MC 1.7.10.jar"
      },
      {
        "signature": "sha256:771df443516a2356c15c8131a15530298d56fe758a549b0d5ba043230b97c27b",
        "filename": "BigReactors-0.4.3A.jar"
      },
      {
        "signature": "sha256:10f8195abe547b9649d627df11684fd354ac7acd68a5c9ca60459b79b21890bb",
        "filename": "BetterAchievements-1.7.10-0.1.0.jar"
      },
      {
        "signature": "sha256:740040f00da476478b3b61365d6b3d0bb078cc3ef426fa198e228d6db6bfc98d",
        "filename": "RopeBridge-v1.3-mc1.7.10.jar"
      },
      {
        "signature": "sha256:b73960e3311152477a3b8fc5589631f86e8ae8a45d98a655bd7d4e662f6119f8",
        "filename": "FlatSigns-1.7.10-universal-2.1.0.19.jar"
      },
      {
        "signature": "sha256:a4fc2284657544e0f4bcc964f927c2fda3e3a205178ed1d5d58883aaf9780cce",
        "filename": "minecraft.jar"
      },
      {
        "signature": "sha256:ecaa1224c2f106024c825d9e5eda82796a679846bcddc4559df55dc4cbba0110",
        "filename": "RedstoneArmory-1.7.10-1.2.0-41.jar"
      },
      {
        "signature": "sha256:4b49fb59fa1fb79096d84033f1537bd2e4092c204249a6a2ef39b2aa5a5d193b",
        "filename": "SimpleLabels-1.7.10-1.0-9.jar"
      },
      {
        "signature": "sha256:70903f6fc82e9908c8da9f20443f61d90f0870a312642991fe8462a0b9391784",
        "filename": "commons-logging-1.1.3.jar"
      },
      {
        "signature": "sha256:814be9fcddf80d6b35f13b96bbdacc366ca71656300b26968b190215bde62e0c",
        "filename": "AOBD-2.9.2.jar"
      },
      {
        "signature": "sha256:40757863dd2814fc65c60a80690011c4c153519e7210f1f785dd594919b6197e",
        "filename": "SoundFilters-0.8_for_1.7.X.jar"
      },
      {
        "signature": "sha256:9897c2b778b7b7998ac199e8a24de09cf760b5931ebb4ad87270438ae7eea19f",
        "filename": "TIS-3D-MC1.7.10-0.9.0.66.jar"
      },
      {
        "signature": "sha256:64335a48be6b142a7d0c13ec5c82a707857aa58c0234e6eda3eaca0e96eea51b",
        "filename": "jopt-simple-4.5.jar"
      },
      {
        "signature": "sha256:f3bc7c2fe9e0a3d6479253d3314750067c9e30e8c0d324e90117927ab8124042",
        "filename": "AetherFixes-0.1.jar"
      },
      {
        "signature": "sha256:33a6fda0043d7f19bb72902b22001a0fcd950f39279683945b8c1135717f55fa",
        "filename": "BiomesOPlenty-1.7.10-2.1.0.2027-universal.jar"
      },
      {
        "signature": "sha256:29aa164560f646d5171c4fa50b7ffd36d94393bf527eb5479ad47bc972eb7a61",
        "filename": "TiCTooltips-mc1.7.10-1.2.5.jar"
      },
      {
        "signature": "sha256:ad8d1a57dc74a8655dbc8623e87df75ce206134416648ca8b2e094fc8f8b35b4",
        "filename": "GalacticraftCore-1.7-3.0.12.463.jar"
      },
      {
        "signature": "sha256:a8b1209284c584a539f657bafc00c2bbb6cffb3bf06630f6f01fff977ea0b846",
        "filename": "EnderStorage-1.7.10-1.4.7.37-universal.jar"
      },
      {
        "signature": "sha256:d4e026c86f640dfacd9590b9cc701b8b5561f3b0233acc378ec48feac031bbce",
        "filename": "[1.7.10]BugfixMod-universal-2.5.0.jar"
      },
      {
        "signature": "sha256:abd02320e2356f89d054dae4cf02306bef20a9cf7865b3ac94ec7552b4f1528b",
        "filename": "httpcore-4.3.2.jar"
      },
      {
        "signature": "sha256:5361d4179681043893be4e46488c9fccaad2b80430ca1ce200ed8890f77fd0e0",
        "filename": "scala-continuations-library_2.11-1.0.2.jar"
      },
      {
        "signature": "sha256:15cd7ea7a1a93e5e46df40b56dd21fd9c459b19ba9434f61edba445bdc4e260e",
        "filename": "eiramoticons-mc1.7.10-1.2.84.jar"
      },
      {
        "signature": "sha256:bcae1f78f547bda8e6bc0304eae9d0138d8b19e748164092cba85381bde3e10b",
        "filename": "movingworld-1.7.10-1.8.1.jar"
      },
      {
        "signature": "sha256:8e968943cce623f6af5402595bb8731ecf6c32c394f44d602f13396ad10e49c0",
        "filename": "EnderIO-1.7.10-2.3.0.429_beta.jar"
      },
      {
        "signature": "sha256:09d44e6adddaab9fd89ea3164c439f71c755769fa8d3a940352ab3d2003b98ff",
        "filename": "asm-all-5.0.3.jar"
      },
      {
        "signature": "sha256:bc4115dd99edb98ec123bd557c2bb72442e92e112691d7a49a26ce3caad315d4",
        "filename": "RedstoneArsenal-[1.7.10]1.1.3B1-94.jar"
      },
      {
        "signature": "sha256:1bbb01959062df824580db405c05ed5ff77d2155b392309028e6ecb692e5a91a",
        "filename": "waterhooks-1.2.1.jar"
      },
      {
        "signature": "sha256:c023c00cd531887b45c8d2650559159510a192fc0f016f769b1cc492d8c47810",
        "filename": "[1.7.10]bspkrsCore-universal-6.16.jar"
      },
      {
        "signature": "sha256:2884bb70ba5edaa133981bbf6dae087c47bcef655f93567252f18421138a9693",
        "filename": "HardcoreEnderExpansion  MC-1.7.10  v1.8.6.jar"
      },
      {
        "signature": "sha256:c67f8c1fec8df814300fe9c8689d3ef906665573e503c5737bf240bad7be9f1d",
        "filename": "arcane_engineering-0.2.7.jar"
      },
      {
        "signature": "sha256:1d021aa5310d7796b84bafdec0f1a93e927fa207feb92bd80567b08004da357a",
        "filename": "[1.7.10]StartingInventory-universal-1.7.10.r03.jar"
      },
      {
        "signature": "sha256:68c8a4f4c7785f939d8fa2e7df56c76afa37dfd2574f738a07d3dfd80d6257a6",
        "filename": "Chisel-2.9.5.11.jar"
      },
      {
        "signature": "sha256:5ce62a8beaf99401723b9255bbb8a6af97a4275c466f3835a9a698abab71505d",
        "filename": "TaintedMagic-1.1.6.4.jar"
      },
      {
        "signature": "sha256:a0003c67195e7524866a041b03a8c68d2e0d4ddece810d32eebd764d6f005b0f",
        "filename": "ThermalDynamics-[1.7.10]1.2.0-171.jar"
      },
      {
        "signature": "sha256:147592c5eb8e11fc8394125954f877acf25918bae13aa210c2825aefc3030ed8",
        "filename": "icu4j-core-mojang-51.2.jar"
      },
      {
        "signature": "sha256:775c201e62cb88690e00be143566acf8c2fe6f70aaa0dbb6156ded12b7bebf52",
        "filename": "MicdoodleCore-1.7-3.0.12.463.jar"
      },
      {
        "signature": "sha256:35e007551dc19dbcded8a0476e0cff20d34b42f4b71273772ac1b8382dd245c2",
        "filename": "iChunUtil-4.2.2.jar"
      },
      {
        "signature": "sha256:3ab1fa00f3d3169d27830db42305eda8aaea0c5705af47ce169c5a50b8b76ee4",
        "filename": "Jabba-1.2.2_1.7.10.jar"
      },
      {
        "signature": "sha256:dbaa088690a23a954eff669a99d2452a24dd9f10d866725ff5d29ff4740a897e",
        "filename": "vecmath-1.3.1.jar"
      },
      {
        "signature": "sha256:18d32981630cc0c4ec39196ebf7da883fc6d003696e104524d861a72b35a7468",
        "filename": "ArcaneArteries0.8.2.jar"
      },
      {
        "signature": "sha256:527e39b2b9ff5351cb17635bd1d0bfce0527fe0828b6074b8d680e73d87c6fbd",
        "filename": "WR-CBE-1.7.10-1.4.1.9-universal.jar"
      },
      {
        "signature": "sha256:9bf5f1509c3c7fb5147caf6b2adecb76ac08252092075aa6177cc30e2bba5907",
        "filename": "supercraftingframe-1.7.10.3.jar"
      },
      {
        "signature": "sha256:4bb59447a194f0b84fd88609c22c78497c14ef66bf8957e34b6da2efff345824",
        "filename": "AncientTrees-1.7.10-1.6.4.jar"
      },
      {
        "signature": "sha256:eda03c0c76118094ae54dfcec024e34b53e523acb5c6889f091a4509471afc04",
        "filename": "Mantle-1.7.10-0.3.2b.jar"
      },
      {
        "signature": "sha256:8e6221100a87fe1d0170d94360a0b33bc18fe1bac207fa03ab6df5197b34bd14",
        "filename": "aether-1.7.10-1.6.jar"
      },
      {
        "signature": "sha256:cb264e0777cb934354b06c4c478685645ebb543a8cb13bdf5e0bf52cf7de9b81",
        "filename": "EnderTech-1.7.10-0.3.2.405.jar"
      },
      {
        "signature": "sha256:79228e900f3fc876858dccddfe3d32740dfa64a4398bccffcd6439a0b1c621b0",
        "filename": "thermalcasting-0.0.3.jar"
      }
    ],
    "addedSignatures": [
      "sha256:2abfff2f5f103f1d5203d5e73445e2885d5d32170e8f0af259f5cf92b92273df",
      "sha256:1382dbf5ab163d90fa916aa172f8e745a820af51f9d4dc0be152d9565d110dc6",
      "sha256:de2464b67967b2315cc41b323942d4dd36f4ee65a4808fc8373f1e67a351fcd7",
      "sha256:79b5a4f5829e1a49a415711f7fb8eb5b9ad22defa72929fda2da96ec30d3f018",
      "sha256:ae97ab8d1b91e0fb0a66fbef53db03ba0051bdbae2d441227820c45f601ffdb8",
      "sha256:9578f06c26afc4ba57b2c4a03db8ccc285735defd4d882770d2a0c6d6847e7a2",
      "sha256:64335a48be6b142a7d0c13ec5c82a707857aa58c0234e6eda3eaca0e96eea51b",
      "sha256:cdd5d71b919c9c433c5b770f0ff2e721903c0bd4bbba773d7d2d64035bb30fab",
      "sha256:41938d1e89670979dd783102777a8b879999f4fb00a5b811b51c105b02a9d4f8",
      "sha256:546a8c0d88c00f1e66062db73a47de1aa5f54099f18292e488ae8de54b18ad92",
      "sha256:9815c2aff1b86c92e212a1b8d84ab1e9a557230b5ea58d41f3d1c6e4e440768c",
      "sha256:c0dafe3ac28f31265c02b6975b8f31f6981c42902cd8d7eb32b5414012027dbe",
      "sha256:7c89d50fb4b9d8a7c9de628ce9b7119c40819d706fe2426c0960883c56da210b",
      "sha256:0f5ceec918105a09e55f14e414c3a67217ae27e3925ef94b6318dcd7dc1edd07",
      "sha256:11bcf3a622e520cbacc8ea4b05724ffc26327cdd6a72d27c9504340af70ba796",
      "sha256:73db487ced8ef21265370e593f341b87c40efdefc5b8a599a80e1dd8a00130aa",
      "sha256:d4e026c86f640dfacd9590b9cc701b8b5561f3b0233acc378ec48feac031bbce",
      "sha256:231a8fbffba0980af44471dd8801190375462e2d5a4331a071ba7b823810147d",
      "sha256:8b09de054b0f3ae88f395baacc31a9b28771c69e1aef780bebe605e5021afaf4",
      "sha256:3c8616203d61a12a7e3487e8b34f3c198c2b5ba9e90da0c7ea32d99cd4958012",
      "sha256:29aa164560f646d5171c4fa50b7ffd36d94393bf527eb5479ad47bc972eb7a61",
      "sha256:cc6a41dc3eaacc9e440a6bd0d2890b20d36b4ee408fe2d67122f328bb6e01581",
      "sha256:c118f8d84313980f79e1e7f7ae4b14b10c2f20c77ea4a1c29f6f0b02bc139077",
      "sha256:ecaa1224c2f106024c825d9e5eda82796a679846bcddc4559df55dc4cbba0110",
      "sha256:c67f8c1fec8df814300fe9c8689d3ef906665573e503c5737bf240bad7be9f1d",
      "sha256:107d11509f6af59b8c2ba23df828bc5d3c4e067b58f3d858c7deb90ca5308f84",
      "sha256:70903f6fc82e9908c8da9f20443f61d90f0870a312642991fe8462a0b9391784",
      "sha256:fcee488f5b2e72f4ace6ce7a5413b0426b090ce9445ec7f009a0744fcfafe026",
      "sha256:e63ae96349c39c0ed4cbd8f8b9ba3a70109daabe0d968ce936027b1d9075631b",
      "sha256:c40ee13bb8507cd15fe643f88a8cee6510fdc4f12e5bbe040d9ca48ea4a9967f",
      "sha256:59788ba4dc3dcaef029a41b4edff9c65a1161841121a61a7c4e5f8d36ac9c5e5",
      "sha256:35e9c42e04828b36eb8a4c279c923cde487fb3fb18794991b19c559a18509356",
      "sha256:c023c00cd531887b45c8d2650559159510a192fc0f016f769b1cc492d8c47810",
      "sha256:6ad51ca015242901d2dace8bcf187a2b6ba90e277269b820cd895c53b3c9cd22",
      "sha256:7f859066530fbc57e41f97df2faba02eafb84479c2cfb5b5b5811a419981d7e6",
      "sha256:bccaa227b0832ce2874fc89620f7d1241acbf18ad0fd44e4c3050160d630522d",
      "sha256:6b81d10754dadf184d386011486e6509c2cc0c3d33565ced4fb4402b9413d47d",
      "sha256:0ec8cd1ede7f7bbbf73030eba8b06ebcc0583045ff4cc9aec080b1736581da71",
      "sha256:9ccdeddc2603c520097974893ae475bfff1578ff41b46d292ca3c08da102c03c",
      "sha256:85592ebce362268018bbbcdb943625b3841982de14136b70ccd139a9ace71d92",
      "sha256:8364675efeeb707fba91429051d362deff7da754b6774ad0a39bc66819d1a2b5",
      "sha256:c248122e9af4ec1e5ef30b0dead05288dced3d3d0f9e3d7ae199bd2058f73def",
      "sha256:62d7c59e992f91ca3c6f26844e3dfa6b853db57d92f3b80cce0fb565ec07d1d2",
      "sha256:f337cb5b4e8bd2ac6bee3a0f49fa9a2d780682587c5ba2e962dd0684f877056d",
      "sha256:830e69776e015e8042711d1e3e3f7740bfa923850ae63b8a547aadd2efea22ea",
      "sha256:407fecb521aaf2c50dd93b46311c8449f08a90db5f3d204e622a92abb4854201",
      "sha256:a1941ee4d4b965c4d2ddc6ec0e0b1eb3f3ff8c8b492a18a25b5fcf27c67ba58b",
      "sha256:60262b06064d38989e842a05a9ef0d8b2198d1a57ad195c7164f9efc3a9a407c",
      "sha256:407e09a3fcda6f56648cb14f454c346cfa97e3e19f9aa46e5e9000fea1f2464e",
      "sha256:688091f5c106603558d40f477cef58321596838e0ca8dc9bbc44951271ef780f",
      "sha256:342c07a3909b9225be91768d462258a3af56befd72aff5afe11b540d71c51599",
      "sha256:1f46280d33c1c41b4a73054dd70286b740a1f18c7a4d5e857e4a63b8193d2cd5",
      "sha256:6c3338a4062c13dc2ce61630d9854d361a81656a4050e5080302f500dd4a8832",
      "sha256:2884bb70ba5edaa133981bbf6dae087c47bcef655f93567252f18421138a9693",
      "sha256:4c1d78e0adee1754675d93ffbadc8c9fe205710cb77538b953e57810f9528efc",
      "sha256:e60f53fb0542900dc92df278840867d659ff5a2060cda62cc64f247c22ae4b58",
      "sha256:4b49fb59fa1fb79096d84033f1537bd2e4092c204249a6a2ef39b2aa5a5d193b",
      "sha256:3ab1fa00f3d3169d27830db42305eda8aaea0c5705af47ce169c5a50b8b76ee4",
      "sha256:e54f72584a15112f197a90c67c2a68719a1d47806104d7a015fed6c308d63ff9",
      "sha256:b89d0beb76df20c7b2c2bee59ba53b802cc48566bc3e89ac96ce6361c5c2ee38",
      "sha256:a300fcf2c43ab26eb1eb380a13efdcc6c1c46f0a502da219a4b58337df52ef7b",
      "sha256:bb7d17b340afe6abdfbfdaa03683bce4aef39a64887dbab0636eaff3cf2d59ba",
      "sha256:7aacec8efdc3b35c8cd9df53904f98fe6c8a640f6c4cae2a18225400f1862e92",
      "sha256:284d7f66c0ce3f69705e8a0377c2dd0b2261f1b9fbf309784864c251e266c69c",
      "sha256:89e6d879f0a8a39f3c37b5222472af4940bad414a473a600a6ffbd378b103262",
      "sha256:8f7ddf60d19903c99b6e72f7ae52fad7484999e72affc6ff0559b0502ec7dfad",
      "sha256:a91a1848197b29b6e6547ca7200bdd47a9ae1bf96ef06446844d21fdfe172851",
      "sha256:d199b1a70a6b4bb67b1e289df40cb8a446191638d70eee8b379d42eb9e016f34",
      "sha256:00d1ca02192c7efb87da95552ebf247021f1e1d642f86d0a03076314def11529",
      "sha256:9257961c710d44ba4deed68e66854a2d564421ad6228af2c683ddb1d5d185085",
      "sha256:ac3d42a5fa4af8abab3482678e93c6f4a36a371e12baa9c4aad4e983b0257698",
      "sha256:a59a4003f162c10058206f0fd5ec05e4d1030e8fbda230f6f0b42db703c16371",
      "sha256:771df443516a2356c15c8131a15530298d56fe758a549b0d5ba043230b97c27b",
      "sha256:a0003c67195e7524866a041b03a8c68d2e0d4ddece810d32eebd764d6f005b0f",
      "sha256:cc72f38535b8a41c39a631da4bc05ca338fb3c9f96700b9194a6a31741bd9bc2",
      "sha256:d303cbea6cfd2ea12bffb0396031fb686cb04abbbf5733ce84786e8c40e790a2",
      "sha256:1b4a64bf18b8d166ba43f2fe3b441dc4b44de5987c64a41fd274ee9050f01ce9",
      "sha256:bcae1f78f547bda8e6bc0304eae9d0138d8b19e748164092cba85381bde3e10b",
      "sha256:85e0d8571ffcd155ca5e9d0f4ad8d6a80403a2328f3cd719b92d79cd672c5fd0",
      "sha256:33a6fda0043d7f19bb72902b22001a0fcd950f39279683945b8c1135717f55fa",
      "sha256:abd02320e2356f89d054dae4cf02306bef20a9cf7865b3ac94ec7552b4f1528b",
      "sha256:a1cfba20d02ea5ba5f5a646a85caca9e23aca777f4ed47707657bc0f83a45831",
      "sha256:5fca136503f86ecc6cb61fbd17b137d59e56b45c7a5494e6b8fd3cabd4697fbd",
      "sha256:a46d9a24cd195767cbaf3752ecebc9ecf5484c526dcc5b23d06431fdfcd1a259",
      "sha256:20d3c6ab0961545853207d263132788dde7198e9b9856a3abcd289c05691d1d5",
      "sha256:ce7a9c86ebebf30b89929026f4a0a3c58ce0f4d47937d6dc086ae4fd0c77544a",
      "sha256:924d98cb9f37b2ebd0fe35590f4bebab18ed1987bdd09dc5ca8ab9244ae2b6b0",
      "sha256:25302daac1ff5837ecfc347b4cff3dbbc34ebbe774fb79edf0038719e1e4820b",
      "sha256:da75542b4c4e3da8991cfc4dba53c40b33d3632168ec91fb2c2295f4785cf207",
      "sha256:3d1527c54e84dc8ae2f7d1109e646420e82bd3b09a811641f1f9a810c46c5f93",
      "sha256:088bcb80f71b6e6a2a31d2fe7288c1fd64f19663ce281b924cdfab3fb105f4f3",
      "sha256:60a9c0aecad2cf3d202d13bc2c405d15f23ef475ef19cd980e043fb2ca57c83c",
      "sha256:8772f727448b8c68785331ae051cb5d80ac6ade14b36646eed101f621356b1b1",
      "sha256:a2f6609dae6886d0c040118b188df86c8b03b7a6d81f1f76c9dd655865f61e9b",
      "sha256:9897c2b778b7b7998ac199e8a24de09cf760b5931ebb4ad87270438ae7eea19f",
      "sha256:a8b1209284c584a539f657bafc00c2bbb6cffb3bf06630f6f01fff977ea0b846",
      "sha256:3dba9786966974701578a658d1bb369bf35bdf5f363079f5ac9c4910a39113be",
      "sha256:10f8195abe547b9649d627df11684fd354ac7acd68a5c9ca60459b79b21890bb",
      "sha256:9bf5f1509c3c7fb5147caf6b2adecb76ac08252092075aa6177cc30e2bba5907",
      "sha256:147592c5eb8e11fc8394125954f877acf25918bae13aa210c2825aefc3030ed8",
      "sha256:8c36a80ea613d0b6b8040a17cf837c5bbe3677bc1b06a058a6c174fdb787ebbc",
      "sha256:d6b239a05a630cfb3b6de01fe14a8674ec14ef8fb34ea75d1ad45b79565d8636",
      "sha256:e00abf1f9eb506ea94ecb892062760a10f71e8de8cc9144f936cc5f67de5f160",
      "sha256:1a448662296b1e005009cea21dc7bfb19da9209a9dd9764255e513b718d48b21",
      "sha256:44423d7c43bde9274e1dbc1b00d6bd14ec7cb2572326eeefa9c6dd6fab47930b",
      "sha256:2882d64550240dd0c026724da664d9f97ef205c91d6a85273d10790d88608f34",
      "sha256:cde5ea6cac1df49a070eb4c59e36b08b4c06594d81d7f5d8c6242713d7a80649",
      "sha256:e4d6f749154faf8ef5bd78a09c365c28ad746ba11bbb80da6eafacab0573beb9",
      "sha256:40757863dd2814fc65c60a80690011c4c153519e7210f1f785dd594919b6197e",
      "sha256:1ded490bcf22d8da55e21f81131359ed06a66d211f8e641daaf2e43c05de193d",
      "sha256:1bbb01959062df824580db405c05ed5ff77d2155b392309028e6ecb692e5a91a",
      "sha256:f4bc72fb618cfcb682c4d8b63cd379daf8f3e75d784778a6b7a511ab786923df",
      "sha256:b2a240063632cb998a277a29b2a5406387371b4f05f5879191189abaf3ba7460",
      "sha256:f921abc9c792f594f7fc6fc06b4a7ea330b646ea5ed3785e3589f90b16b2aad1",
      "sha256:f6fc63b64a8d7f82e99a8a1e4f74b60e1748c2ab63d0a7e1ae2716976e21d04d",
      "sha256:6cc11b93914c7ec84036cd5922cf1cbad9a6da663fdfe82a809b2ec737707729",
      "sha256:4bb59447a194f0b84fd88609c22c78497c14ef66bf8957e34b6da2efff345824",
      "sha256:79228e900f3fc876858dccddfe3d32740dfa64a4398bccffcd6439a0b1c621b0",
      "sha256:5d6ccd237d0b15d18e5362166cfa3f0d9681e7b8c0682cb18c5ac76aaa1b1c74",
      "sha256:370da0941a3846ba52025247d3e97cfc9c0b639b8ee12f23ee85347efe64dc54",
      "sha256:12d29a5cedc5477f0be7300fed3a36fee5ce03970f6da473f59d871d4b949593",
      "sha256:0ace9823b7ea35adbcce57b5d674dff238650f77639eaaaee67851eee775730b",
      "sha256:3492b99e109304c44ba193b92cf104e8d76681b458e02cdaec1249ab96228bd0",
      "sha256:814be9fcddf80d6b35f13b96bbdacc366ca71656300b26968b190215bde62e0c",
      "sha256:014214467ff66142ecbf47b941b3c2bf3d14f13ae85c52116abe680929c4005a",
      "sha256:5ce62a8beaf99401723b9255bbb8a6af97a4275c466f3835a9a698abab71505d",
      "sha256:fecf3da51213d75ba7089c400744840d2fba0ac1c0ac51c04fec7aa31e32e764",
      "sha256:b6ca939d86fd24c28e3552a748939ee18763838b0a02d68f60e281ece2232be0",
      "sha256:c3480c2ae45270191c29a479f4f6aa323d311259644a32ac07d0fd9604d27e13",
      "sha256:26e84f517c7ed856df3aa711d2d749ee8757d60ee6f5da1dc0741456b0b9b457",
      "sha256:19495ce701fd9ba3c499c137e3ad5364acee8f87a01ef99e912f995a23fd4cb1",
      "sha256:acd2c1e4cd9ffe2f6e5d6c31c0b60dcee2afe474c80e232e5293ae2cf741c5fe",
      "sha256:a0b7f151329dfee032eb937ca5382778bef41068734d27f6e01eac65c79ef5a3",
      "sha256:6c4b4e50e608763564afa1bde2d25ece9dd715e7c9129540faa1faded4896506",
      "sha256:bdebf1569584106c11e8ab137ddaf2ab10c2b3c1c8f1be0020b5c7dbb2ca2135",
      "sha256:5361d4179681043893be4e46488c9fccaad2b80430ca1ce200ed8890f77fd0e0",
      "sha256:09f6eda533c9de3a9b238ef9a5203e6c2dba56bdbb7c16f780eba990eaec0875",
      "sha256:6bf9159226ee1fd21741c72ede559bcc26045bf538d66cba398807fcb2187bbf",
      "sha256:f18e1175f8230eb284bc699459f9fcbb7eb7112ca807b2511b197349daa95f4c",
      "sha256:527e39b2b9ff5351cb17635bd1d0bfce0527fe0828b6074b8d680e73d87c6fbd",
      "sha256:8dc73bb4d4b368c43c8c21ed298324ed3739f0024d9373d11da5c274d38984d5",
      "sha256:075cde23a6f51a9b543c6196da1c01af974624ac2224b343af9518904a028f99",
      "sha256:bc4e2143ec4b0cdb7da624c2e13688a5fd40e2cd99e0628dbf1799d9cd0d7921",
      "sha256:3925e6bf0323ea13e8fe192b6686fc7a4c136759f8a6f1dcb2a5f22fc880ca5c",
      "sha256:e3a8217ead7b9e00047c00210d22fe795ce74d66f887df5ecec1b75f891eb39d",
      "sha256:ad19d2601c3abf0b946b5c3a4113e226a8c1e3305e395b90013b78dd94a723ce",
      "sha256:f2bc83bccc64e0a8be8ebcb7f14704491a701e42958cc3389c704cf8ff411f33",
      "sha256:6dc1316600b112143d19a4e3f59ec42f93826c46a3d3a73b984ac5bb2fa7f5ad",
      "sha256:0c3085cb93c3ef95d731c274b6f2dd195aa0405fe9328d69cab7f5e899d5e124",
      "sha256:b7d9ef98662032857f996d5f009f5f04a490e3578eb9616790d8ed59306b21db",
      "sha256:894d5dd42c4ebfa5a4a2e2f0d46f915c924b17d1779558a273bbbd31b20a13ce",
      "sha256:3ab52c94b2b55711075c27eca2a6fcb834fb908a49d3bf4f3c37aafc4cc721b6",
      "sha256:c0328cd07ca9e363a5acd00c1cf4afe8cf554bd6d373834981ba05cebec687fb",
      "sha256:182cbb67db9de205ebaea9e2c986eca372060ac7acdce593aa5fb14a1af90a44",
      "sha256:e13d3f91d91b1c73a46e47b90562b519e12c77d7275add19bc1cdab5b3a75400",
      "sha256:57f402b626d16cc2705bf2a37add7adbb074f0ca3b3102fa6e23aa303dae682f",
      "sha256:476b95a762c7562af82916ea5f5146744e5e0efd4a118e6adc2284c9e8dcebd3",
      "sha256:a9473818bc22473092979632df6e3793c89139a872f049f22f89143b1838c76c",
      "sha256:dbaa088690a23a954eff669a99d2452a24dd9f10d866725ff5d29ff4740a897e",
      "sha256:3ebbc2f82b61812aa158375005a47da4d450bec870860fcbf015a64de74cde1c",
      "sha256:c60aa318787341b4bcebc8c4f97c340bed0285955f1183fc1749fd70235f771b",
      "sha256:4bf193e3b9a91bceef65e82f6a27ee5c050d29552ef7e1606f222a79571fc44e",
      "sha256:aed9f360f118ed6b73df52798c934acd24a34354cb9fefdfd297efcd9c59a7f3",
      "sha256:26d83e7309a8b5bda5d7eede18ac356149aa1d867eab2dded27624d234d87a09",
      "sha256:475afb1b364f5202b8a505c1f81282984bb3402d57c5b84150d7ee12c94b8ffb",
      "sha256:3120fd24c09ab9bc088cb9c1eb2065be86718608450fdbc27b5d371729a619cb",
      "sha256:3c0c928be271565d79154f3b18cc0d6ed3d3a923107e84078018bb63a6c0387a",
      "sha256:20aeea82ca2f0452257b30c5b863eb06a0e18672bc2261a52e5f4bd81256d56b",
      "sha256:26a3cedb0567fc14835bc1fc4a151b0f11c76c1783a39b96168d5a6ea180fea5",
      "sha256:bb1185aa0a21396830f212e3acba63134f6304a334689849a907a9ccadab5ade",
      "sha256:cb264e0777cb934354b06c4c478685645ebb543a8cb13bdf5e0bf52cf7de9b81",
      "sha256:c008acdd58f3b1781f5c23c872be37fd499a3507a19b88df7103c66886796640",
      "sha256:8d9dac6b95915285b2a1a7e433d1a28a1933266e89d99248eb363d30c49e4c0b",
      "sha256:6ff759efc10f9ea0deabb4aed7c1f61408d9bb9bce278949544c0a613f7ae4c8",
      "sha256:9784de3286db91b654c1f718dad8bf8b3e5f7940cd661aa3af688b6a98e5c5fe",
      "sha256:27cf01972d3bb37cd4ca56683b924821d142f5dc27d3d1bb46fea5fa31a1c774",
      "sha256:072107a03be37d61c0cfaf9640f1a4cad246f9e7a81277c1440769eac4729b79",
      "sha256:27168f2fb2a0e6e6cc002d29590cbe2a565649ddb6d6f742c61b25bd32096d83",
      "sha256:875a4c1159fc1b2b54327a0f2d86ebff8e959f929240574accfada882b963a45",
      "sha256:e76d88c2cc3786d8fe8b025c230e8a2557a35d63759972f890555f11325be9e7",
      "sha256:4a0d192a34e7ef3e7af039f64dc6426bd0a5a343aae4dd1107b2043a616a77f7",
      "sha256:a985c0712e195bef958d94fb74e3f5132398caa46a1b727faeda9baad6ab8784",
      "sha256:504c78014285c0b706f97d5ea7e2728a0f98cbad8bf006a13ca48f1da277b028",
      "sha256:09d44e6adddaab9fd89ea3164c439f71c755769fa8d3a940352ab3d2003b98ff",
      "sha256:0bfb06543a3e3c1c4f9337d318f49ddb8989345a6312f7db47bcdfab3af61581",
      "sha256:32d7e73005a2dc0ccc3c62470c435b351f6501de8e8718e26960534754570a77",
      "sha256:eda03c0c76118094ae54dfcec024e34b53e523acb5c6889f091a4509471afc04",
      "sha256:a8bba46859fb9410044072c898c16d5775e7d0fa2465e95c5df7d6bd341c62f1",
      "sha256:c6dedaaae56dc63d224e1f3ac58e540fb61d2b98da4ad7e53fd98c24d728c7fb",
      "sha256:a71c6396aa3152773c1db3444eb0667e22c440ee76552306a617cacd11277840",
      "sha256:b1dca751d54932c5ff4dea203a13114107a21c137eb9ea7c18a15b61c3b8b056",
      "sha256:650cf7f26368b71f90d7e55e673959c33df718c90330f079ddd19ef5e70bb1af",
      "sha256:1afa0981f531071bd413086f6a351a4330ec5e0c59519b24af3d132bd522fb95",
      "sha256:f3bc7c2fe9e0a3d6479253d3314750067c9e30e8c0d324e90117927ab8124042",
      "sha256:75caf28ecce6ef0bcf4f4880f2af44c27ac8b7f04921ce11ce8fc2e781905835",
      "sha256:cc485ddcaf9faa91974744fd9d3147412dd85586864be23eabe16d8cc42b21df",
      "sha256:68c331f624cea6c0827a31e96a6dce2e75461227c42da70f11ba765a8c6a8cec",
      "sha256:9844cc9b5440d65a88d28bcba9d771374d2dfdab898848cda164611091633013",
      "sha256:bd81f2ff5c47b6615afe15acc9bf593fe1f28f42c406252c3cc0cfec0aedb1f8",
      "sha256:a5510034f1a36ce7eb2c4fc1827742c89c53eb38b282d373612b258d60f80375",
      "sha256:4c6a567be75b6fe31bd61cfb9c341a40bc7e386db16912265b3ebe86f5337fa4",
      "sha256:ba131a1fe64e385774df589661c0d165d77a9b4e1ad1bcccff8b0e725cc51ddb",
      "sha256:28aea728f1ac7c4f0165c3cdf11d367c140764841181c867c15bd35bc823bcc5",
      "sha256:18d32981630cc0c4ec39196ebf7da883fc6d003696e104524d861a72b35a7468",
      "sha256:0129a29545514972774a1600a196fbc8c182a14eac32db3ced9099f640d0b5c5",
      "sha256:e94b137f6ba274ed108dec866a69299b7e174bb360b20fae0788780563012f83",
      "sha256:c3334ff39cf0ab3b54925619101054c90098b7c733b1e7834c7b75e4c41e84a5",
      "sha256:3163917a6def61152074063d6a87c195b7ef6e357966b0e0bf768c8cfb605cc0",
      "sha256:8b141026e0be476978015a789680f2e550c1bef4518065ff5dbf5ad640ea2164",
      "sha256:eb0ca9bdd938f80711152a758d6bc331a8b0d769199d457294dc67ed03f73498",
      "sha256:e17c5512483915da988d845ec33f542acf076617377a2e01493bd8656a8a6a22",
      "sha256:456efda1ebea9302022a5fb661767847dac05a8e36d8277decc739530e9b7435",
      "sha256:8a1f65fc07f7ab24ccbca1961cad6ae1087a5f3a6cb0ce8790078557648f67bf",
      "sha256:a4fc2284657544e0f4bcc964f927c2fda3e3a205178ed1d5d58883aaf9780cce",
      "sha256:740040f00da476478b3b61365d6b3d0bb078cc3ef426fa198e228d6db6bfc98d",
      "sha256:8e6221100a87fe1d0170d94360a0b33bc18fe1bac207fa03ab6df5197b34bd14",
      "sha256:37014340a0400277b1202233f75619d53e84c0cf37d2d3561a993241a45cb412",
      "sha256:056aef1c2971c783d7553b1b33ba411467dd2a263476b76c1325038e7ed5d079",
      "sha256:ddb33fbd3aab03c3e1b132ccff005bbc0ef1051f37d8c46e479d1f8a62bf5ad5",
      "sha256:21dc2a1752540f8d09a6f332020c60c5a8e3b6170fed16e083b7340ec8ec367f",
      "sha256:fb9feac3443f10f14599fe0110a3c57a07c1cde11168c6a29287f89174d114b8",
      "sha256:d39e6c8fc27709b04d58ec4c1b625648776dbf01cdf7af2d51388ee215d5d4e8",
      "sha256:35e007551dc19dbcded8a0476e0cff20d34b42f4b71273772ac1b8382dd245c2",
      "sha256:8be6d63ac23ff19bb6e19f07e5e51984daf27eabcc36d0908ce647695198da4c",
      "sha256:5e108efd78790b644a631e72362657acf8c16bfda5b0ba23e8553e418d1fd92e",
      "sha256:525c4154e4c355d64ff8bc7faa535030c343d4531beaf9e4b1ded9cd318e955e",
      "sha256:ad8d1a57dc74a8655dbc8623e87df75ce206134416648ca8b2e094fc8f8b35b4",
      "sha256:bc4115dd99edb98ec123bd557c2bb72442e92e112691d7a49a26ce3caad315d4",
      "sha256:8106b494af409b2d26ffdba7410dc449b8c5a1e18416caca83b24bb796252bb4",
      "sha256:dcde6033b205433d6e9855c93740f798951fa3a3f252035a768d9f356fde806d",
      "sha256:9e98c36568af92dbb388dfec2b36b3f0d76cb1dc284a6bbe06e98b89204b96f4",
      "sha256:4e730c46f10fa35a681f77a2db56bcf107193fef561546b61cadca06f83cd1f2",
      "sha256:a8ced4924d0e285ab287d94889e9920f855b9e13ef42e1c7468377b3c13bdb2b",
      "sha256:9446e5a89235ff77801f57c3259c8486017567f57d7f53177816f68d6100dcb7",
      "sha256:63d003fac7b4ff3ed777add18e00dd9e77eca596988d1aca9a0adc31a017e4ec",
      "sha256:a872dc7bb155d809329e15912b27aced47a5a56b999476269f54489472edec08",
      "sha256:dc6569c4a2c347aa5c5eaa806772f1c76228d351480b801aa777c0de114bf818",
      "sha256:19f46567255ae0e8aad41cce299b78aa28c2ae7d92d72aa2c4824c31c1341fef",
      "sha256:b716a03527ffcb247cb0c0f348261619323f6ca9af2a9a17ef1e1a218a21293f",
      "sha256:68c8a4f4c7785f939d8fa2e7df56c76afa37dfd2574f738a07d3dfd80d6257a6",
      "sha256:ba03868bd1b2aaa4130e3769e75a59ead333fbaa744396b3b0edc8345e93bbeb",
      "sha256:b1d847e0b3ef0286dcf40b5793e7a7057af79740d83797f70d45b9906f1af102",
      "sha256:333bbefeff5eb1722dc9b8d2e26c38bc69c1efa07d0ca870480f29d8858aa336",
      "sha256:6b6f8693ad4fb4ce4de8de9a2bc9f8d5433f80b3e3bbdd227a1909c8c31ee938",
      "sha256:690b3a21543963ed88c3ea3efe8d460c9717d9d9800298a7646b2210bdf79f1f",
      "sha256:df7544a4791876d0c6bd19930f7cdae71ad72ee22e7c95d6addfaeb58479052f",
      "sha256:96eaa32232b5a5b0f9afc121a0e1b2416e3dca50657b31e5431c0a04ae650552",
      "sha256:ac1c37833aa8ec38a38f42111a9b2e196336b14c0891a3e76e284a61d1fb3dac",
      "sha256:b73960e3311152477a3b8fc5589631f86e8ae8a45d98a655bd7d4e662f6119f8",
      "sha256:775c201e62cb88690e00be143566acf8c2fe6f70aaa0dbb6156ded12b7bebf52",
      "sha256:958728cc1d2cc0036727b67ee937dca538a49daa6d355157b027bb1dcf8c20f8",
      "sha256:794e33c0af98ecd78bf4c2567c8eb4cbe5c6d1db13ce8b1702df83288cabe606",
      "sha256:15cd7ea7a1a93e5e46df40b56dd21fd9c459b19ba9434f61edba445bdc4e260e",
      "sha256:755f2f5b1a0e4ecbf92a5906f309e09bce5cdf86dcbbf76e13d36411b90a7f97",
      "sha256:48735b82e240bcadea62baa3a5ab601d091045579e1ecd1945866393394f4ce1",
      "sha256:3aa616f5c56d2052fc5e3231f3e8cf1736f876caff0142a66096fc5b4dc87ae5",
      "sha256:b70f9b3f6042c70233de67747bd0553152f1cd9c9019538b778ae8f29a02a491",
      "sha256:6756b33668f0c63fd4a4b05ccbbd70e365f5e753b56cf07cc39d564e6e4fdced",
      "sha256:ec6756a0b1eaaf3b2437d2b1ee701a7180f44288f79b19929b58747ff685fd99",
      "sha256:5f1b1cacdff557f9185573b436a88ec19f2126fe667f9e1c3b83124dd90d2ff7",
      "sha256:35d76d3d355b432bbd8e8f66d9c5cc780b98910a402e6c1645088470e9fa3774",
      "sha256:8e968943cce623f6af5402595bb8731ecf6c32c394f44d602f13396ad10e49c0",
      "sha256:05ae8f11b8f9012ebebbf179227b010829739c6284e30da5dd3db220ee682f8a",
      "sha256:634966e3908a1ef712905701ca4301e0f7c4062d132f899eb847ea5b25e61b58",
      "sha256:71f197bf934f2f92f832b4db68cc818232bbe0c6be6fdc10d5a9baac78d540fa",
      "sha256:4a7c757d4d87dd37382bd777ad611b5875748aef148277cf25bb39eebb496d07",
      "sha256:cdd5ac5cc5112b71a022ba3cc3b278323dd0f3bdafa2921b37720e9723b0e7dd",
      "sha256:dd57e46883585d78e8733b0ea658a2dacbd1cb3f97e004f4d4d789f24d3c82fc",
      "sha256:907e3a46c9dbe4e45fe090355b0a42f6c0a4f8078e85b0a57ef4a906e7f9b934",
      "sha256:5eecbb63c03f454a604da0d0d5f3090054a4d2c160746cb40bc6ba7e0cf3cb60",
      "sha256:d66784c42bd94867fbc990e212d5c334ae2439d6b7e9a856196b348b6591cee2",
      "sha256:1d021aa5310d7796b84bafdec0f1a93e927fa207feb92bd80567b08004da357a"
    ],
    "removedSignatures": [],
    "workTime": 5504767.5,
    "language": "en_US",
    "locale": "en_US",
    "timezone": "America/New_York",
    "branding": [
      "Minecraft 1.7.10",
      "MCP v9.05",
      "FML v7.10.99.99",
      "Minecraft Forge 10.13.4.1614",
      "Optifine OptiFine_1.7.10_HD_U_C1",
      "281 mods loaded, 274 mods active"
    ],
    "runtime": {
      "mcp": "MCP v9.05",
      "fml": "7.10.99.99",
      "forge": "10.13.4.1614"
    },
    "minecraft": "Minecraft 1.7.10",
    "javaVersion": "Oracle Corporation 1.8.0_131",
    "side": "client",
    "obfuscated": true,
    "type": "analytics"
  }
]